代码,简称
000001.SH,上证综指
000017.SH,新综指
000002.SH,上证A指
000003.SH,上证B指
000020.SH,中型综指
000090.SH,上证流通
000008.SH,上证综合股指数
000005.SH,上证商业类指数
000007.SH,上证公用事业股指数
000004.SH,上证工业类指数
000006.SH,上证房地产指数
H00020.SH,中企收益
H00090.SH,上证流通全收益
000010.SH,上证180
000016.SH,上证50
000009.SH,上证380
000132.SH,上证100
000133.SH,上证150
000043.SH,超大盘
000044.SH,上证中盘
000045.SH,上证小盘
000046.SH,上证中小
000047.SH,上证全指
000155.SH,上证市值百强
N00010.SH,上证180净收益
N00016.SH,上证50净收益
N00009.SH,上证380净收益
N00132.SH,上证100净收益
N00133.SH,上证150净收益
N00043.SH,上证超级大盘净收益
N00044.SH,上证中盘净收益
N00045.SH,上证小盘净收益
N00046.SH,上证中小净收益
N00047.SH,上证全指净收益
H00010.SH,上证180全收益
H00016.SH,上证50全收益
H00009.SH,上证380全收益
H00132.SH,上证100全收益
H00133.SH,上证150全收益
H00043.SH,超大盘全收益
H00044.SH,上证中盘全收益
H00045.SH,上证小盘全收益
H00046.SH,上证中小全收益
H00047.SH,上证全指全收益
H00155.SH,上证市值百强全收益
000032.SH,上证能源
000033.SH,上证材料
000034.SH,上证工业
000035.SH,上证可选
000036.SH,上证消费
000037.SH,上证医药
000038.SH,上证金融
000039.SH,上证信息
000040.SH,上证电信
000041.SH,上证公用
H00032.SH,上证能源全收益
H00033.SH,上证材料全收益
H00034.SH,上证工业全收益
H00035.SH,上证可选全收益
H00036.SH,上证消费全收益
H00037.SH,上证医药全收益
H00038.SH,上证金融全收益
H00039.SH,上证信息全收益
H00040.SH,上证电信全收益
H00041.SH,上证公用全收益
H50001.SH,180能源
H50002.SH,180材料
H50003.SH,180工业
H50004.SH,180可选
H50005.SH,180消费
H50006.SH,180医药
H50007.SH,180金地
H50008.SH,180信息
H50009.SH,180电信
H50010.SH,180公用
000104.SH,380能源
000105.SH,380材料
000106.SH,380工业
000107.SH,380可选
000108.SH,380消费
000109.SH,380医药
000110.SH,380金融
000111.SH,380信息
000112.SH,380电信
000113.SH,380公用
H40001.SH,180能源全收益
H40002.SH,180材料全收益
H40003.SH,180工业全收益
H40004.SH,180可选全收益
H40005.SH,180消费全收益
H40006.SH,180医药全收益
H40007.SH,180金地全收益
H40008.SH,180信息全收益
H40009.SH,180电信全收益
H40010.SH,180公用全收益
H00104.SH,380能源全收益
H00105.SH,380材料全收益
H00106.SH,380工业全收益
H00107.SH,380可选全收益
H00108.SH,380消费全收益
H00109.SH,380医药全收益
H00110.SH,380金融全收益
H00111.SH,380信息全收益
H00112.SH,380电信全收益
H00113.SH,380公用全收益
950050.SH,沪红利配置
H50041.CSI,上证RP
H50061.CSI,50美元对冲
H50062.CSI,180美元对冲
H50063.CSI,380美元对冲
000050.SH,50等权
000051.SH,180等权
000052.SH,50基本
000053.SH,180基本
000070.SH,能源等权
000071.SH,材料等权
000072.SH,工业等权
000073.SH,可选等权
000074.SH,消费等权
000075.SH,医药等权
000076.SH,金融等权
000077.SH,信息等权
000078.SH,电信等权
000079.SH,公用等权
000093.SH,180分层
000098.SH,上证F200
000099.SH,上证F300
000100.SH,上证F500
000115.SH,380等权
000128.SH,380基本
000129.SH,180波动
000130.SH,380波动
000135.SH,上证180高贝塔
000136.SH,上证180低贝塔
000137.SH,上证380高贝塔
000138.SH,上证380低贝塔
H00050.SH,50等权全收益
H00051.SH,180等权全收益
H00052.SH,50基本全收益
H00053.SH,180基本全收益
H00070.SH,能源等权全收益
H00071.SH,材料等权全收益
H00072.SH,工业等权全收益
H00073.SH,可选等权全收益
H00074.SH,消费等权全收益
H00075.SH,医药等权全收益
H00076.SH,金融等权全收益
H00077.SH,信息等权全收益
H00078.SH,电信等权全收益
H00079.SH,公用等权全收益
H00093.SH,180分层全收益
H00098.SH,上证F200全收益
H00099.SH,上证F300全收益
H00100.SH,上证F500全收益
H00115.SH,380等权全收益
H00128.SH,380基本全收益
H00129.SH,180波动全收益
H00130.SH,380波动全收益
H00135.SH,上证180高贝塔全收益
H00136.SH,上证180低贝塔全收益
H00137.SH,上证380高贝塔全收益
H00138.SH,上证380低贝塔全收益
000028.SH,180成长
000029.SH,180价值
000030.SH,180R成长
000031.SH,180R价值
000057.SH,全指成长
000058.SH,全指价值
000059.SH,全R成长
000060.SH,全R价值
000117.SH,380成长
000118.SH,380价值
000119.SH,380R成长
000120.SH,380R价值
H00028.SH,180成长全收益
H00029.SH,180价值全收益
H00030.SH,180R成长全收益
H00031.SH,180R价值全收益
H00057.SH,全指成长全收益
H00058.SH,全指价值全收益
H00059.SH,全R成长全收益
H00060.SH,全R价值全收益
H00117.SH,380成长全收益
H00118.SH,380价值全收益
H00119.SH,380R成长全收益
H00120.SH,380R价值全收益
000018.SH,180金融
000021.SH,180治理
000025.SH,180基建
000026.SH,180资源
000027.SH,180运输
000123.SH,上证180动态
000125.SH,上证180稳定
000149.SH,上证180红利
H00018.SH,180金融全收益
H00021.SH,180治理全收益
H00025.SH,180基建全收益
H00026.SH,180资源全收益
H00027.SH,180运输全收益
H00123.SH,上证180动态全收益
H00125.SH,上证180稳定全收益
H00149.SH,上证180红利全收益
000141.SH,上证380动态
000142.SH,上证380稳定
000150.SH,上证380红利
H00141.SH,上证380动态全收益
H00142.SH,上证380稳定全收益
H00150.SH,上证380红利全收益
H50031.SH,沪绿色城
H50032.SH,沪城交通
H50033.SH,沪城消费
H50034.SH,沪城基建
H50035.SH,沪智交通
H50037.SH,上证城镇
H50038.SH,沪智慧城
H40031.SH,沪绿色城全收益
H40032.SH,沪城交通全收益
H40033.SH,沪城消费全收益
H40034.SH,沪城基建全收益
H40035.SH,沪智交通全收益
H40037.SH,上证城镇全收益
H40038.SH,沪智慧城全收益
H50021.SH,沪能源红
H50022.SH,沪材料红
H50023.SH,沪工业红
H50024.SH,沪可选红
H50025.SH,沪消费红
H50026.SH,沪医药红
H50027.SH,沪金融红
H50028.SH,沪信息红
H50029.SH,沪电信红
H50030.SH,沪公用红
H40021.SH,沪能源红全收益
H40022.SH,沪材料红全收益
H40023.SH,沪工业红全收益
H40024.SH,沪可选红全收益
H40025.SH,沪消费红全收益
H40026.SH,沪医药红全收益
H40027.SH,沪金融红全收益
H40028.SH,沪信息红全收益
H40029.SH,沪电信红全收益
H40030.SH,沪公用红全收益
000015.SH,上证红利
000151.SH,上证国企红利
000152.SH,上证央企红利
000153.SH,上证民企红利
H50019.SH,上红回报
H50020.SH,上红潜力
H00019.SH,治理指数全收益
H00042.SH,上证央企全收益
H00048.SH,责任指数全收益
H00049.SH,上证民企全收益
H00054.SH,上证海外全收益
H00055.SH,上证地企全收益
H00056.SH,上证国企全收益
H00062.SH,上证沪企全收益
H00063.SH,上证周期全收益
H00064.SH,非周期全收益
H00065.SH,上证龙头全收益
H00066.SH,上证商品全收益
H00067.SH,上证新兴全收益
H00068.SH,上证资源全收益
H00069.SH,消费80全收益
H00092.SH,资源50全收益
H00094.SH,上证上游全收益
H00095.SH,上证中游全收益
H00096.SH,上证下游全收益
H00097.SH,高端装备全收益
H00102.SH,沪投资品全收益
H00103.SH,沪消费品全收益
H00114.SH,持续产业全收益
H00121.SH,医药主题全收益
H00122.SH,农业主题全收益
H00126.SH,消费50全收益
H00131.SH,上证高新全收益
H00134.SH,上证银行全收益
H00145.SH,优势资源全收益
H00146.SH,优势制造全收益
H00147.SH,优势消费全收益
H00148.SH,消费领先全收益
H00158.SH,上证环保全收益
H40011.SH,沪环渤海全收益
H40012.SH,沪长三角全收益
H40013.SH,沪珠三角全收益
H40014.SH,沪中部全收益
H40015.SH,沪西部全收益
H40016.SH,沪东北全收益
H40017.SH,沪信息业全收益
H40018.SH,上证文化全收益
000019.SH,治理指数
000042.SH,上证央企
000048.SH,责任指数
000049.SH,上证民企
000054.SH,上证海外
000055.SH,上证地企
000056.SH,上证国企
000062.SH,上证沪企
000063.SH,上证周期
000064.SH,非周期
000065.SH,上证龙头
000066.SH,上证商品
000067.SH,上证新兴
000068.SH,上证资源
000069.SH,消费80
000092.SH,资源50
000094.SH,上证上游
000095.SH,上证中游
000096.SH,上证下游
000097.SH,高端装备
000102.SH,沪投资品
000103.SH,沪消费品
000114.SH,持续产业
000121.SH,医药主题
000122.SH,农业主题
000126.SH,上证消费50
000131.SH,上证高新
000134.SH,上证银行
000145.SH,优势资源
000146.SH,优势制造
000147.SH,优势消费
000148.SH,消费领先
000158.SH,上证环保
H50011.SH,沪环渤海
H50012.SH,沪长三角
H50013.SH,沪珠三角
H50014.SH,沪中部
H50015.SH,沪西部
H50016.SH,沪东北
H50017.SH,沪信息业
H50018.SH,上证文化
H00015.SH,上证红利全收益
H00151.SH,上证国企红利全收益
H00152.SH,上证央企红利全收益
H00153.SH,上证民企红利全收益
H40019.SH,上红回报全收益
H40020.SH,上红潜力全收益
399100.SZ,深证新综指
399101.SZ,中小板综
399102.SZ,创业板综
399106.SZ,深证综指
399107.SZ,深证A指
399108.SZ,深证B指
399110.SZ,农林牧渔指数
399120.SZ,采掘业指数
399130.SZ,制造业指数
399131.SZ,食品饮料指数
399132.SZ,纺织服装指数
399133.SZ,木材家具指数
399134.SZ,造纸印刷指数
399135.SZ,石化塑胶指数
399136.SZ,电子指数
399137.SZ,金属非金属指数
399138.SZ,机械设备指数
399139.SZ,医药生物指数
399140.SZ,水电煤气指数
399150.SZ,建筑业指数
399160.SZ,运输仓储指数
399170.SZ,信息技术指数
399180.SZ,批发零售指数
399190.SZ,金融保险指数
399200.SZ,房地产业指数
399210.SZ,社会服务指数
399220.SZ,传播文化指数
399230.SZ,综合类指数
399231.SZ,农林指数
399232.SZ,采矿指数
399233.SZ,制造指数
399234.SZ,水电指数
399235.SZ,建筑指数
399236.SZ,批零指数
399237.SZ,运输指数
399238.SZ,餐饮指数
399239.SZ,IT指数
399240.SZ,金融指数
399241.SZ,地产指数
399242.SZ,商务指数
399243.SZ,科研指数
399244.SZ,公共指数
399248.SZ,文化指数
399249.SZ,综企指数
CN6032.CNI,农副指数
CN6033.CNI,食品指数
CN6034.CNI,饮料指数
CN6036.CNI,纺织指数
CN6037.CNI,服装指数
CN6039.CNI,木材指数
CN6041.CNI,造纸指数
CN6042.CNI,印刷指数
CN6043.CNI,文教指数
CN6044.CNI,石化指数
CN6045.CNI,化学指数
CN6046.CNI,医药指数
CN6047.CNI,化纤指数
CN6048.CNI,橡胶指数
CN6049.CNI,矿物指数
CN6050.CNI,钢铁指数
CN6051.CNI,有色指数
CN6052.CNI,金属指数
CN6053.CNI,通用指数
CN6054.CNI,专用指数
CN6055.CNI,汽车指数
CN6056.CNI,交运指数
CN6057.CNI,电气指数
CN6058.CNI,电子指数
CN6059.CNI,仪表指数
CN6060.CNI,其他指数
399001.SZ,深证成指
399002.SZ,深成指R
399003.SZ,深成B指
399004.SZ,深证100R
399005.SZ,中小板指
399006.SZ,创业板指
399007.SZ,深证300
399008.SZ,中小300
399009.SZ,深证200
399010.SZ,深证700
399011.SZ,深证1000
399012.SZ,创业300
399015.SZ,中小创新
399329.SZ,中小板100指数P
399330.SZ,深证100
399333.SZ,中小板指R
399344.SZ,深证300R
399606.SZ,创业板指R
399611.SZ,中创100R
399612.SZ,中创100
399623.SZ,中小基础
399624.SZ,中创400
399625.SZ,中创500
399640.SZ,创业基础
399679.SZ,深证200R
CN2008.CNI,中小300R
CN2009.CNI,深证200R
CN2010.CNI,深证700R
CN2011.CNI,深证1000R
CN2012.CNI,创业300R
CN2015.CNI,中小创新R
CN2623.CNI,中小基础R
CN2624.CNI,中创400R
CN2625.CNI,中创500R
CN2640.CNI,创业基础R
CN6109.CNI,中创100美元R
399613.SZ,深证能源
399614.SZ,深证材料
399615.SZ,深证工业
399616.SZ,深证可选
399617.SZ,深证消费
399618.SZ,深证医药
399619.SZ,深证金融
399620.SZ,深证信息
399621.SZ,深证电信
399622.SZ,深证公用
399674.SZ,深A医药
399675.SZ,深互联网
399680.SZ,深成能源
399681.SZ,深成材料
399682.SZ,深成工业
399683.SZ,深成可选
399684.SZ,深成消费
399685.SZ,深成医药
399686.SZ,深成金融
399687.SZ,深成信息
399688.SZ,深成电信
399689.SZ,深成公用
CN5122.CNI,中小能源
CN5123.CNI,中小材料
CN5124.CNI,中小工业
CN5125.CNI,中小可选
CN5126.CNI,中小消费
CN5127.CNI,中小医药
CN5128.CNI,中小金融
CN5129.CNI,中小信息
CN5130.CNI,中小电信
CN5131.CNI,中小公用
CN2613.CNI,深证能源R
CN2614.CNI,深证材料R
CN2615.CNI,深证工业R
CN2616.CNI,深证可选R
CN2617.CNI,深证消费R
CN2618.CNI,深证医药R
CN2619.CNI,深证金融R
CN2620.CNI,深证信息R
CN2621.CNI,深证电信R
CN2622.CNI,深证公用R
CN2674.CNI,深A医药R
CN2675.CNI,深互联网R
CN2680.CNI,深成能源R
CN2681.CNI,深成材料R
CN2682.CNI,深成工业R
CN2683.CNI,深成可选R
CN2684.CNI,深成消费R
CN2685.CNI,深成医药R
CN2686.CNI,深成金融R
CN2687.CNI,深成信息R
CN2688.CNI,深成电信R
CN2689.CNI,深成公用R
CN6122.CNI,中小能源R
CN6123.CNI,中小材料R
CN6124.CNI,中小工业R
CN6125.CNI,中小可选R
CN6126.CNI,中小消费R
CN6127.CNI,中小医药R
CN6128.CNI,中小金融R
CN6129.CNI,中小信息R
CN6130.CNI,中小电信R
CN6131.CNI,中小公用R
399632.SZ,深100EW
399633.SZ,深300EW
399634.SZ,中小板EW
399635.SZ,创业板EW
399645.SZ,100低波
399655.SZ,深证绩效
399656.SZ,100绩效
399657.SZ,300绩效
399658.SZ,中小绩效
399659.SZ,深成指EW
399660.SZ,中创EW
399661.SZ,深证低波
399662.SZ,深证高贝
399663.SZ,中小低波
399664.SZ,中小高贝
399665.SZ,中创低波
399666.SZ,中创高贝
399672.SZ,深红利50
399673.SZ,创业板50
399676.SZ,深医药EW
399677.SZ,深互联EW
399690.SZ,中小专利
399691.SZ,创业专利
399692.SZ,创业低波
399694.SZ,创业高贝
399701.SZ,深证F60
399702.SZ,深证F120
399703.SZ,深证F200
930990.CSI,港股通红利低波(HKD)
930991.CSI,港股通红利低波(CNY)
CN5138.CNI,大盘红利
CN5139.CNI,稳进价值
CN5140.CNI,先锋成长
CN5141.CNI,优势价值
CN2632.CNI,深100EWR
CN2633.CNI,深300EWR
CN2634.CNI,中小板EWR
CN2635.CNI,创业板EWR
CN2645.CNI,100低波R
CN2655.CNI,深证绩效R
CN2656.CNI,100绩效R
CN2657.CNI,300绩效R
CN2658.CNI,中小绩效R
CN2659.CNI,深成指EWR
CN2660.CNI,中创EWR
CN2661.CNI,S300低波R
CN2662.CNI,S300高贝R
CN2663.CNI,中小低波R
CN2664.CNI,中小高贝R
CN2665.CNI,中创低波R
CN2666.CNI,中创高贝R
CN2672.CNI,深红利50R
CN2673.CNI,创业板50R
CN2676.CNI,深医药EWR
CN2677.CNI,深互联EWR
CN2690.CNI,中小专利全收益
CN2691.CNI,创业专利全收益
CN2692.CNI,创业低波R
CN2694.CNI,创业高贝R
CN6138.CNI,大盘红利R
CN6139.CNI,稳进价值R
CN6140.CNI,先锋成长R
CN6141.CNI,优势价值R
H20990.CSI,港股通红利低波(全)(HKD)
H20991.CSI,港股通红利低波(全)(CNY)
S00701.SZ,深证F60R
S00702.SZ,深证F120R
S00703.SZ,深证F200R
399346.SZ,深证成长
399348.SZ,深证价值
399602.SZ,中小成长
399604.SZ,中小价值
399626.SZ,中创500成长
399627.SZ,中创500价值
399628.SZ,700成长
399629.SZ,700价值
399630.SZ,1000成长
399631.SZ,1000价值
399667.SZ,创业板G
399668.SZ,创业板V
CN2346.CNI,深证成长R
CN2348.CNI,深证价值R
CN2602.CNI,中小成长R
CN2604.CNI,中小价值R
CN2626.CNI,中创成长R
CN2627.CNI,中创价值R
CN2628.CNI,700成长R
CN2629.CNI,700价值R
CN2630.CNI,1000成长R
CN2631.CNI,1000价值R
CN2667.CNI,创业板GR
CN2668.CNI,创业板VR
399013.SZ,深市精选
399016.SZ,深证创新
399017.SZ,SME创新
399018.SZ,创业创新
399295.SZ,创业蓝筹
399296.SZ,创成长
399324.SZ,深证红利
399328.SZ,深证治理
399335.SZ,深证央企
399337.SZ,深证民营
399339.SZ,深证科技
399341.SZ,深证责任
399608.SZ,科技100
399610.SZ,TMT50
399636.SZ,深证装备
399637.SZ,深证地产
399638.SZ,深证环保
399639.SZ,深证大宗
399641.SZ,深证新兴
399642.SZ,中小新兴
399643.SZ,创业新兴
399646.SZ,深消费50
399647.SZ,深医药50
399649.SZ,中小板红利
399650.SZ,中小板治理
399651.SZ,中小板责任
399652.SZ,中创高新
399653.SZ,深证龙头
399654.SZ,深证文化
399669.SZ,深证农业
399670.SZ,深周期50
399671.SZ,深防御50
399678.SZ,深次新股
399693.SZ,安防产业
399695.SZ,深证节能
399696.SZ,深证创投
399698.SZ,优势成长
399699.SZ,金融科技
399704.SZ,深证上游
399705.SZ,深证中游
399706.SZ,深证下游
CN2016.CNI,深证创新R
CN2017.CNI,SME创新R
CN2018.CNI,创业创新R
CN2295.CNI,创业蓝筹R
CN2296.CNI,创成长R
CN2324.CNI,深证红利R
CN2328.CNI,深证治理R
CN2335.CNI,深证央企R
CN2337.CNI,深证民营R
CN2339.CNI,深证科技R
CN2341.CNI,深证责任R
CN2608.CNI,科技100R
CN2610.CNI,TMT50R
CN2636.CNI,深证装备R
CN2637.CNI,深证地产R
CN2638.CNI,深证环保R
CN2639.CNI,深证大宗R
CN2641.CNI,深证新兴R
CN2642.CNI,中小新兴R
CN2643.CNI,创业新兴R
CN2646.CNI,深消费50R
CN2647.CNI,深医药50R
CN2649.CNI,中小红利R
CN2650.CNI,中小治理R
CN2651.CNI,中小责任R
CN2652.CNI,中创高新R
CN2653.CNI,深证龙头R
CN2654.CNI,深证文化R
CN2669.CNI,深证农业R
CN2670.CNI,深周期50R
CN2671.CNI,深防御50R
CN2693.CNI,安防产业R
CN2695.CNI,深证节能R
CN2696.CNI,深证创投R
CN2698.CNI,优势成长R
CN2699.CNI,金融科技R
S00704.SZ,深证上游R
S00705.SZ,深证中游R
S00706.SZ,深证下游R
399297.SZ,新浪100
399326.SZ,成长40
399644.SZ,深证时钟
399648.SZ,深证GDP100
399697.SZ,中关村60
CN2297.CNI,新浪100R
CN2326.CNI,成长40R
CN2644.CNI,深证时钟R
CN2648.CNI,深证GDPR
CN2697.CNI,中关村60R
CN5061.CNI,深证GDP对冲
899001.CSI,三板成指
899002.CSI,三板做市
899003.CSI,创新成指
899301.CSI,三板龙头
899302.CSI,三板制造
899303.CSI,三板服务
899304.CSI,三板医药
899305.CSI,三板消费
899306.CSI,三板研发
899307.CSI,三板活跃
N99001.CSI,三板成指全收益
N99002.CSI,三板做市全收益
N99003.CSI,创新成指全收益
N99301.CSI,三板龙头全收益
N99302.CSI,三板制造全收益
N99303.CSI,三板服务全收益
N99304.CSI,三板医药全收益
000852.SH,中证1000
000902.CSI,中证流通
000907.CSI,中证700
000980.CSI,中证超大
000985.CSI,中证全指
930903.CSI,中证A股
000300.SH,沪深300
000903.SH,中证100
000904.SH,中证200
000905.SH,中证500
000906.SH,中证800
H00852.SH,中证1000全收益
H20903.CSI,中证A股全收益
H00300.CSI,沪深300全收益
H00903.CSI,中证100全收益
H00904.CSI,中证200全收益
H00905.CSI,中证500全收益
H00907.CSI,中证700全收益
H00906.CSI,中证800全收益
H00980.CSI,中证超大全收益
H00985.CSI,中证全指全收益
H30310.CSI,中证500净收益美元
N00300.CSI,沪深300净收益
N00301.CSI,沪深300净收益美元
N00903.CSI,中证100净收益
N00904.CSI,中证200净收益
N00905.CSI,中证500净收益
N00907.CSI,中证700净收益
N00906.CSI,中证800净收益
N00902.CSI,中证流通净收益
N00980.CSI,中证超大净收益
N00985.CSI,中证全指净收益
000908.CSI,沪深300能源
000909.CSI,沪深300材料
000910.CSI,沪深300工业
000911.CSI,沪深300可选
000912.CSI,沪深300消费
000913.SH,沪深300医药
000914.SH,沪深300金融
000915.CSI,沪深300信息
000916.CSI,沪深300电信
000917.CSI,沪深300公用
H00908.CSI,沪深300能源全收益
H00909.CSI,沪深300材料全收益
H00910.CSI,沪深300工业全收益
H00911.CSI,沪深300可选全收益
H00912.CSI,沪深300消费全收益
H00913.CSI,沪深300医药全收益
H00914.CSI,沪深300金融全收益
H00915.CSI,沪深300信息全收益
H00916.CSI,沪深300电信全收益
H00917.CSI,沪深300公用全收益
N00908.CSI,沪深300能源净收益
N00909.CSI,沪深300材料净收益
N00910.CSI,沪深300工业净收益
N00911.CSI,沪深300可选净收益
N00912.CSI,沪深300消费净收益
N00913.CSI,沪深300医药净收益
N00914.CSI,沪深300金融净收益
N00915.CSI,沪深300信息净收益
N00916.CSI,沪深300电信净收益
N00917.CSI,沪深300公用净收益
L11501.CSI,300能源
L11502.CSI,300材料
L11503.CSI,300资本品
L11506.CSI,300汽车与配件
L11507.CSI,300耐用与服装
L11509.CSI,300媒体
L11510.CSI,300零售
L11512.CSI,300食品饮料
L11515.CSI,300制药生物
L11518.CSI,300保险
L11520.CSI,300软件服务
L11521.CSI,300硬件
L11525.CSI,300公用
L11643.CSI,300资本市场
L01501.CSI,300能源全收益
L01502.CSI,300材料全收益
L01503.CSI,300资本品全收益
L01506.CSI,300汽车与配件全收益
L01507.CSI,300耐用与服装全收益
L01509.CSI,300媒体全收益
L01510.CSI,300零售全收益
L01512.CSI,300食品饮料全收益
L01515.CSI,300制药生物全收益
L01518.CSI,300保险全收益
L01520.CSI,300软件服务全收益
L01521.CSI,300硬件全收益
L01525.CSI,300公用全收益
L11604.CSI,300建材
L11608.CSI,300国防
L11610.CSI,300建筑工程
L11611.CSI,300电气设备
L11613.CSI,300机械
L11617.CSI,300航空公司
L11618.CSI,300海运
L11620.CSI,300交通设施
L11621.CSI,300汽车配件
L11623.CSI,300家庭耐用
L11625.CSI,300纺织服装
L11628.CSI,300媒体
L11630.CSI,300多元零售
L11631.CSI,300专营零售
L11633.CSI,300饮料
L11634.CSI,300食品肉类
L11640.CSI,300制药
L11641.CSI,300商业银行
L11642.CSI,300综合金融服务
L11644.CSI,300保险
L11649.CSI,300电脑
L11655.CSI,300电力
L11658.CSI,300水务
L01604.CSI,300建材全收益
L01606.CSI,300金属采矿全收益
L01608.CSI,300国防全收益
L01610.CSI,300建筑工程全收益
L01611.CSI,300电气设备全收益
L01613.CSI,300机械全收益
L01617.CSI,300航空公司全收益
L01618.CSI,300海运全收益
L01619.CSI,300公路铁路全收益
L01620.CSI,300交通设施全收益
L01621.CSI,300汽车配件全收益
L01623.CSI,300家庭耐用全收益
L01625.CSI,300纺织服装全收益
L01628.CSI,300媒体全收益
L01630.CSI,300多元零售全收益
L01631.CSI,300专营零售全收益
L01633.CSI,300饮料全收益
L01634.CSI,300食品肉类全收益
L01640.CSI,300制药全收益
L01641.CSI,300商业银行全收益
L01642.CSI,300综合金融服务全收益
L01643.CSI,300资本市场全收益
L01644.CSI,300保险全收益
L01649.CSI,300电脑全收益
L01655.CSI,300电力全收益
L01658.CSI,300水务全收益
000854.SH,中证500原料
000856.SH,中证500工业
000857.SH,中证500医药
000858.SH,中证500信息
H30250.CSI,中证500能源
H30253.CSI,中证500可选
H30254.CSI,中证500消费
H30256.CSI,中证500金地
H30258.CSI,中证500电信
H30259.CSI,中证500公用
H20250.CSI,中证500能源全收益
H20251.CSI,中证500原料全收益
H20252.CSI,中证500工业全收益
H20253.CSI,中证500可选全收益
H20254.CSI,中证500消费全收益
H20255.CSI,中证500医药全收益
H20256.CSI,中证500金地全收益
H20257.CSI,中证500信息全收益
H20258.CSI,中证500电信全收益
H20259.CSI,中证500公用全收益
000928.SH,中证能源
000929.CSI,中证材料
000930.CSI,中证工业
000931.CSI,中证可选
000932.SH,中证消费
000933.SH,中证医药
000934.SH,中证金融
000935.SH,中证信息
000936.CSI,中证电信
000937.CSI,中证公用
H00928.CSI,中证能源全收益指数
H00929.CSI,中证原材料全收益指数
H00930.CSI,中证工业全收益指数
H00931.CSI,中证可选消费全收益指数
H00932.CSI,中证主要消费全收益指数
H00933.CSI,中证医药卫生全收益指数
H00934.CSI,中证金融地产全收益指数
H00935.CSI,中证信息技术全收益指数
H00936.CSI,中证电信业务全收益指数
H00937.CSI,中证公用事业全收益指数
000841.SH,中证800医药
399965.SZ,中证800地产
H30010.CSI,中证800能源
H30011.CSI,中证800材料
H30012.CSI,中证800资本
H30013.CSI,中证800商业
H30014.CSI,中证800运输
H30015.CSI,中证800汽车
H30016.CSI,中证800耐用
H30017.CSI,中证800服务
H30018.CSI,中证800媒体
H30019.CSI,中证800零售
H30020.CSI,中证800食零
H30021.CSI,中证800食品
H30022.CSI,中证800银行
H30023.CSI,800资本
H30024.CSI,中证800保险
H30026.CSI,中证800软件
H30027.CSI,中证800硬件
H30028.CSI,中证800半导
H30029.CSI,中证800通信
H30030.CSI,中证800公用
H00841.CSI,中证800医药全收益
H20010.CSI,中证800能源全收益
H20011.CSI,中证800材料全收益
H20012.CSI,中证800资本全收益
H20013.CSI,中证800商业全收益
H20014.CSI,中证800运输全收益
H20015.CSI,中证800汽车全收益
H20016.CSI,中证800耐用全收益
H20017.CSI,中证800服务全收益
H20018.CSI,中证800媒体全收益
H20019.CSI,中证800零售全收益
H20020.CSI,中证800食零全收益
H20021.CSI,中证800食品全收益
H20022.CSI,中证800银行全收益
H20023.CSI,800资本全收益
H20024.CSI,中证800保险全收益
H20025.CSI,中证800地产全收益
H20026.CSI,中证800软件全收益
H20027.CSI,中证800硬件全收益
H20028.CSI,中证800半导全收益
H20029.CSI,中证800通信全收益
H20030.CSI,中证800公用全收益
000986.SH,全指能源
000987.SH,全指材料
000988.CSI,全指工业
000989.SH,全指可选
000990.SH,全指消费
000991.SH,全指医药
000992.SH,全指金融
000993.SH,全指信息
000994.CSI,全指电信
000995.CSI,全指公用
000159.SH,沪股通
000160.SH,沪新丝路
000161.SH,沪中国造
000162.SH,沪互联+
000171.CSI,新兴成指
000188.SH,中国波指
000801.CSI,资源80
000802.SH,500沪市
000805.SH,A股资源
000806.CSI,消费服务
000809.CSI,细分农业
000810.CSI,细分能源
000811.CSI,细分有色
000812.CSI,细分机械
000813.CSI,细分化工
000814.SH,细分医药
000815.CSI,细分食品
000816.CSI,细分地产
000818.CSI,细分金融
000821.CSI,沪深300红利
000822.CSI,中证500红利
000823.SH,中证800有色
000824.CSI,中证国企红利
000825.CSI,中证央企红利
000826.CSI,中证民企红利
000827.SH,中证环保
000838.CSI,中证创业价值
000839.CSI,中证浙企综指
000840.CSI,中证浙江民企
000849.SH,300非银
000850.CSI,300有色
000855.SH,央视500
000859.CSI,国企带路
000860.CSI,结构调整
000861.CSI,央企创新
000863.SH,CS精准医
000865.SH,上海国企
000867.SH,港中小企
000869.SH,HK银行(HKD)
000891.CSI,新兴综指
000922.CSI,中证红利
000926.CSI,中证央企
000927.CSI,央企100
000938.CSI,中证民企
000939.CSI,民企成长
000941.CSI,新能源
000942.CSI,内地消费
000943.CSI,内地基建
000944.SH,内地资源
000945.CSI,内地运输
000946.CSI,内地金融
000947.CSI,内地银行
000948.CSI,内地地产
000949.CSI,内地农业
000950.CSI,300基建
000953.CSI,中证地企
000954.CSI,地企100
000955.CSI,中证国企
000956.CSI,国企200
000958.SH,创业成长
000960.CSI,中证龙头
000961.CSI,中证上游
000962.CSI,中证中游
000963.CSI,中证下游
000964.CSI,中证新兴
000968.CSI,300周期
000969.CSI,300非周
000970.CSI,ESG40
000972.CSI,300沪市
000974.SH,中证800金融
000975.CSI,钱江30
000977.CSI,内地低碳
000978.CSI,医药100
000979.CSI,大宗商品
000983.CSI,智能资产
000998.SH,中证TMT
399802.SZ,500深市
399803.SZ,工业4.0
399804.SZ,中证体育
399805.SZ,互联金融
399806.SZ,环境治理
399807.SZ,高铁产业
399808.SZ,中证新能
399812.SZ,养老产业
399813.SZ,中证国安
399814.SZ,大农业
399966.SZ,中证800证保
399967.SZ,中证军工
399970.SZ,中证移动互联
399971.SZ,中证传媒
399972.SZ,300深市
399973.SZ,中证国防
399976.SZ,CS新能车
399987.SZ,中证酒
399989.SZ,中证医疗
399990.SZ,煤炭等权
399991.SZ,一带一路
399994.SZ,信息安全
399996.SZ,中证智能家居
399997.SZ,中证白酒
930598.CSI,稀土产业
930599.CSI,中证高装
930601.CSI,软件服务
930607.CSI,中证汽车
930608.CSI,中证基建
930611.CSI,中小国改
930612.CSI,混合改革
930613.CSI,非周民企
930614.CSI,环保50
930615.CSI,中小医疗
930616.CSI,中证文体
930617.CSI,军工信息
930618.CSI,中证保险
930619.CSI,黄金采掘
930632.CSI,CS稀金属
930633.CSI,中证旅游
930634.CSI,CS土改农
930635.CSI,CS智慧农
930641.CSI,中证中药
930642.CSI,中证核电
930643.CSI,CS轻资产
930644.CSI,港股通中国内地(HKD)
930645.CSI,港股通中国内地(CNY)
930648.CSI,CS智消费
930649.CSI,中证安防
930650.CSI,中证海洋
930651.CSI,CS计算机
930652.CSI,CS电子
930653.CSI,CS食品饮
930654.CSI,CS休闲娱
930658.CSI,CS汽车AM
930659.CSI,CS能源互
930662.CSI,CS现代农
930663.CSI,中证创投
930667.CSI,300精明
930668.CSI,300精明(HKD)
930669.CSI,300精明(USD)
930698.CSI,CS水利
930699.CSI,萧何重组
930700.CSI,CS上海
930701.CSI,CS京津冀
930702.CSI,CS西部
930703.CSI,CS福建
930704.CSI,CS广东
930706.CSI,中证水泥
930707.CSI,中证畜牧
930708.CSI,中证有色
930709.CSI,香港证券
930710.CSI,香港证券(CNY)
930711.CSI,CS智穿戴
930712.CSI,CS物联网
930713.CSI,CS人工智
930714.CSI,CS智家电
930716.CSI,CS物流
930717.CSI,CS教育
930718.CSI,CS海运
930719.CSI,CS精准医
930720.CSI,CS互医疗
930721.CSI,CS智汽车
930722.CSI,CS互平台
930725.CSI,CS车联网
930726.CSI,CS生医
930727.CSI,CS自贸区
930728.CSI,CS乐园
930729.CSI,银智100
930730.CSI,银策消费
930731.CSI,CS西藏
930732.CSI,CS中国造
930733.CSI,CS互联+
930734.CSI,360互联+
930738.CSI,四川国改
930741.CSI,CS航空
930742.CSI,中证电商
930743.CSI,中证生科
930744.CSI,中证信托
930746.CSI,港中小企
930747.CSI,港中小企(CNY)
930748.CSI,沪深300USD
930749.CSI,沪深300USD(CNH)
930750.CSI,中证500USD
930751.CSI,中证500USD(CNH)
930752.CSI,中证500HKD
930753.CSI,中证500HKD(CNH)
930754.CSI,民企成长USD
930755.CSI,民企成长USD(CNH)
930756.CSI,环保USD
930757.CSI,环保USD(CNH)
930766.CSI,CS民参军
930771.CSI,CS新能源
930781.CSI,中证影视
930789.CSI,CSMA预期
930790.CSI,CS娱乐TI
930791.CSI,CS医药TI
930820.CSI,CS高端制
930821.CSI,中证VR
930822.CSI,CS院校企
930838.CSI,CS高股息
930845.CSI,CS供给侧
930850.CSI,智能制造
930851.CSI,云计算
930852.CSI,量子通信
930853.CSI,海绵城市
930854.CSI,水环境
930875.CSI,空天一体
930883.CSI,创新驱动
930884.CSI,300创新
930885.CSI,500创新
930899.CSI,全球消费50(CNY)
930900.CSI,全球消费50(USD)
930901.SH,动漫游戏
930902.CSI,中证数据
930904.CSI,中证PPP
930905.CSI,CS贵金属
930956.CSI,绿色投资
930981.CSI,东北指数
930982.CSI,扶贫发展
930986.CSI,金融科技
930987.CSI,安徽发展
930997.CSI,新能源车
931000.CSI,大湾区
931003.CSI,农业改革
931004.CSI,女性消费
931005.CSI,母婴消费
931006.CSI,老年消费
931007.CSI,新生消费
931011.CSI,医药创新
931012.CSI,CS黄金
931020.CSI,装配建筑
931021.CSI,家居家电
931022.CSI,大气治理
931023.CSI,北京50
931032.CSI,复兴100
931033.CSI,杭州湾区
931037.CSI,绿色领先
931057.CSI,股权激励
931058.CSI,竞争优势
931063.CSI,创始经营
931065.CSI,财通浙30
931066.CSI,军工龙头
931068.CSI,消费龙头
931071.CSI,人工智能
931079.CSI,5G通信
931081.CSI,中证半导
931083.CSI,全球电子游戏(CNY)
931084.CSI,全球电子游戏(HKD)
931085.CSI,全球电子游戏(USD)
931087.CSI,科技龙头
931089.CSI,180ESG
931123.CSI,蓝天环境改善(CNY)
931124.CSI,蓝天环境改善(HKD)
931125.CSI,蓝天环境改善(USD)
931126.CSI,蓝天环境改善(EUR)
931127.CSI,浙江新动能(CNY)
931128.CSI,浙江新动能(USD)
931136.CSI,深圳科技(CNY)
931137.CSI,深圳科技(HKD)
931139.CSI,CS消费50
931140.CSI,医药50
931141.CSI,CS长三角
931144.CSI,通信技术
931145.CSI,中证绿色债
931148.CSI,ESG80
931151.CSI,光伏产业
931152.CSI,CS创新药
931159.CSI,创新100
931163.CSI,浙江100
931169.CSI,证券30
931170.CSI,民企龙头
931171.CSI,长三角指
931173.CSI,中证德邦消费与供应链金融ABS
931176.CSI,台州综指
931177.CSI,全球台州综指(人民币)
931178.CSI,全球台州综指(美元)
931179.CSI,台州制造30
931186.CSI,建投科技
931187.CSI,科技100
950070.CSI,上证汽车
950071.CSI,上证基建
950072.CSI,沪信安全
950073.CSI,沪互联网
950074.CSI,沪互金融
950075.CSI,沪现代农
950079.CSI,上证混改
950080.CSI,中小企改
950081.CSI,180碳效
950082.CSI,上海改革
950085.SH,沪物联网
950086.SH,沪自贸区
950087.SH,上证海洋
950088.SH,沪轻资产
950089.SH,上证电子
950096.CSI,上海国企
950097.SH,沪供给侧
950100.SH,上高股息
950101.SH,沪智能造
950106.SH,上证创新
950107.SH,380创新
